1.82606964719;0.0245864083418;
1.39577417481;0.14164343046;
1.28612714347;0.171471666628;
1.08798229701;0.225374733621;
1.08719651316;0.225588497241;
1.75653742913;0.0435018627448;
1.59034019212;0.0887139435066;
1.8964471103;0.00544101457272;
1.83697624148;0.02161939258;
1.65372796045;0.0714700172379;
1.44592631914;0.128000106174;
1.24530810152;0.182576025849;
1.75478230986;0.0439793231125;
1.38221438289;0.145332218663;
1.11722623455;0.21741925079;
1.37524516117;0.1472281167;
1.04961922189;0.235810974811;
1.48100215715;0.118458120702;
1.45647796457;0.125129650239;
1.41606848774;0.136122591897;
1.05886336839;0.233296209189;
1.19888948197;0.195203686896;
1.1722087807;0.202461870259;
1.27287193527;0.175077596273;
1.49725988002;0.114035390862;
1.45176393369;0.126412049085;
1.35853886411;0.15177287608;
1.13295909143;0.213139304812;
1.87677996809;0.0107912384276;
1.04073204725;0.238228630272;
1.76771455918;0.0404612507844;
1.58237855924;0.0908798157872;
0.966354174555;0.258462290276;
1.65108683079;0.0721885067234;
1.7036284849;0.0578951432968;
1.74941704734;0.0454388821695;
1.81774945768;0.0268498219032;
1.84735058996;0.0187971682765;
1.28989120541;0.170447696102;
1.19686456499;0.195754542686;
1.59439624659;0.0876105397102;
1.64520707741;0.0737880272047;
1.4873918797;0.116719868869;
1.69568163501;0.060056994032;
1.39848218092;0.140906747991;
0.975667164516;0.255928796568;
1.41515798558;0.136370283723;
1.08057833306;0.227388898369;
1.82077464388;0.0260268541732;
1.26046574561;0.178452560014;
1.88375993011;0.00889241861422;
1.57439746772;0.0930509815692;
1.87109490455;0.0123377957373;
1.80468530155;0.0304037779887;
1.07414855769;0.229138046122;
1.73900563047;0.0482711905082;
1.17179261491;0.202575083461;
1.51515089299;0.109168342903;
1.61568973832;0.0818178858416;
1.84424535382;0.0196419126883;
1.86503773575;0.0139855800795;
1.916281238;4.53642023071e-05;
1.41340910611;0.136846046624;
1.87349287826;0.0116854540785;
1.88603771659;0.00827277253377;
1.63179267137;0.077437264822;
1.1052819474;0.220668559171;
1.05589924629;0.234102565121;
1.49155303621;0.115587873249;
1.42698970414;0.133151598353;
1.91301033586;0.00093517617582;
1.08239510064;0.226894667274;
1.39476436834;0.141918136902;
1.92837707504;-0.00324517161437;
1.01142765913;0.246200558003;
1.15089480809;0.208260095718;
1.15542899899;0.207026620308;
1.52575039651;0.106284867716;
1.49880924248;0.11361390431;
1.63225059926;0.0773126907151;
1.52694304248;0.105960421854;
1.21430742777;0.191009408921;
1.122627456;0.215949909513;
1.79145183024;0.0340037943563;
1.70876941383;0.0564966116616;
1.71336935807;0.0552452487964;
1.25937832362;0.178748380882;
1.84328684703;0.019902663632;
1.5828810227;0.090743126278;
1.69850850457;0.0592879761039;
1.0978560252;0.222688697414;
1.79330430988;0.0334998481991;
1.68762026013;0.062249999998;
1.43510533814;0.130943831809;
1.28234188446;0.172501403579;
1.24039945882;0.183911366641;
1.39055537264;0.143063146631;
1.08741778647;0.225528302338;
1.68173392991;0.0638513096361;
1.57336689533;0.0933313371459;
1.71029710338;0.0560810209766;
1.53243214998;0.104467172171;
1.04064748571;0.238251634284;
1.91823998467;-0.000487490699964;
1.88655577023;0.00813184189482;
1.4125958954;0.137067271412;
1.41985037163;0.135093773107;
1.06239353053;0.232335868462;
1.32815436028;0.160038637087;
1.86457953875;0.0141102273969;
1.40732900445;0.138500069593;
1.05686136335;0.233840832045;
1.13316423695;0.213083497291;
1.88656146244;0.00813029339317;
1.5955535825;0.0872956995488;
1.56926953256;0.094445978398;
1.70635051377;0.0571546460937;
1.54002445821;0.102401770487;
1.64227292623;0.0745862298858;
1.79854828564;0.0320732838372;
1.64153738757;0.0747863248695;
1.42899440963;0.132606240873;
1.83667807326;0.0217005058757;
1.64187816911;0.0746936191018;
1.44156695703;0.129186021387;
1.36756111318;0.149318475146;
1.51133594263;0.110206157051;
1.77884847543;0.0374323946521;
1.77476482881;0.0385433045793;
1.10073039282;0.221906758176;
1.1084339569;0.219811090595;
1.38943246513;0.143368620934;
1.32138421251;0.161880379302;
1.45687748139;0.125020966202;
1.50878370077;0.110900465616;
1.40119087024;0.140169879662;
1.79463799348;0.0331370346419;
1.42760081166;0.132985353455;
1.82152436441;0.0258229011738;
1.67725133023;0.0650707502366;
1.30840241803;0.165411929833;
1.04326048368;0.237540797706;
1.42719534147;0.133095657041;
1.69392030992;0.0605361426242;
1.21815737497;0.189962074279;
1.86701793025;0.0134468905368;
1.80661576657;0.0298786167901;
1.86715302746;0.0134101388664;
1.32069368767;0.162068228785;
1.36949492258;0.148792404146;
1.25237259114;0.180654211258;
1.40908287426;0.138022949127;
1.01255908958;0.245892765131;
1.49871917678;0.113638405666;
1.17894874842;0.200628338183;
1.70919075967;0.0563819892834;
1.54699336616;0.10050595781;
1.04364869511;0.237435189172;
1.52126091173;0.107506181331;
1.58630018658;0.0898129813718;
1.80589802628;0.0300738699267;
1.44641513641;0.127867128959;
1.61155638785;0.0829423171424;
1.02831089652;0.241607664005;
1.935547441;-0.00519578866967;
1.05694378427;0.233818410363;
1.65392940014;0.0714152178445;
1.76718167821;0.0406062150327;
1.20266271116;0.194177222522;
1.03275612631;0.240398389458;
0.961477342028;0.25978897747;
1.48449937955;0.117506740858;
1.36003768028;0.151365140073;
1.61716367192;0.0814169188568;
1.28905283812;0.170675764451;
1.15548326713;0.207011857273;
1.22933869065;0.186920323667;
1.04054915409;0.238278384292;
0.989441448883;0.252181658117;
1.34116298869;0.156499786688;
1.37800496983;0.146477341931;
1.13867004604;0.211585704129;
1.63470748334;0.0766443231548;
1.41060418482;0.137609093773;
1.32006411206;0.162239497718;
1.59010397962;0.0887782024473;
1.738902077;0.0482993610608;
1.70665387688;0.0570721195891;
1.910297443;0.0016731880302;
1.54984100547;0.0997312897064;
1.06159795166;0.232552296704;
1.58914289753;0.0890396539715;
1.26011020008;0.178549282157;
1.84646707509;0.0190375185144;
1.37721804876;0.146691414919;
1.62158984634;0.0802128281099;
1.30156572718;0.167271774343;
1.16323735855;0.204902444304;
1.75667959271;0.0434631887479;
0.984632567227;0.253489860044;
1.51376651406;0.109544947552;
1.9199844308;-0.000962047563425;
1.32920876035;0.15975179946;
1.61154305543;0.0829459440759;
1.7312177546;0.0503897941578;
1.93569950646;-0.00523715635909;
1.17684674456;0.201200164588;
1.45066061221;0.12671219523;
1.28465119768;0.171873181006;
1.59268433247;0.0880762466051;
1.41367280456;0.136774310442;
1.16447779439;0.204564997745;
0.964409668504;0.25899127118;
1.58394114174;0.0904547328706;
1.90243292236;0.00381264202322;
1.25265766688;0.180576659621;
1.93576162743;-0.00525405566849;
1.12092672873;0.216412573152;
1.53835610012;0.102855628459;
1.70435756634;0.0576968049279;
1.03372701786;0.240134269382;
1.14458688053;0.20997609615;
1.24918063526;0.181522546794;
0.998917212191;0.249603883759;
1.73586243848;0.0491262603798;
1.24819687157;0.181790168592;
1.46596656998;0.122548382333;
1.75285092277;0.0445047351509;
1.12699329205;0.214762233137;
1.7489743431;0.0455593148572;
1.923164349;-0.00182710838468;
1.87049568249;0.0125008073285;
1.7303218655;0.0506335106659;
1.04657818091;0.236638255656;
1.47787956514;0.119307586582;
1.69992958463;0.0589013873284;
1.88984253263;0.00723771531396;
1.1538672434;0.207451478273;
1.88885350777;0.0075067683544;
1.92438427401;-0.00215897520414;
1.18002094597;0.200336658954;
1.51852950879;0.108249228645;
1.68138456003;0.0639463517644;
1.64203705932;0.0746503948156;
1.07120683668;0.229938308088;
1.83586749037;0.0219210157938;
1.4319813086;0.131793688751;
1.19314618051;0.196766087176;
0.971453809712;0.257074992143;
0.968522165043;0.257872512956;
1.6517864643;0.0719981793301;
1.00896633259;0.246870134082;
1.53636830566;0.103396385485;
1.51323680151;0.109689049867;
1.16729998841;0.203797251747;
1.80847321458;0.0293733190414;
1.00612179992;0.24764395706;
1.89441124771;0.00599484798947;
1.20945084402;0.192330587666;
1.84894400013;0.0183636990408;
1.89417283398;0.00605970575318;
1.92104869802;-0.00125156943779;
1.93923593365;-0.00619920142526;
1.00273508737;0.248565273947;
1.09035080851;0.224730406825;
1.24016112794;0.183976201864;
1.46111081862;0.123869334633;
1.70510943179;0.0574922684274;
1.70211145391;0.0583078344403;
1.50244558171;0.112624679302;
1.38039004295;0.145828509735;
1.86958728919;0.0127479254637;
1.37177159856;0.148173060166;
1.35296143529;0.15329015258;
1.37547436027;0.147165765672;
1.10489498389;0.220773828222;
1.06898787445;0.230541951696;
1.55448690221;0.0984674259838;
1.5217295184;0.10737870218;
0.997655153023;0.249947212698;
1.2719981;0.175315313285;
1.9021122059;0.00389988931338;
1.84705477482;0.0188776414441;
1.48130635531;0.118375367031;
1.05740501429;0.233692937948;
1.44792866781;0.12745538984;
1.94013782007;-0.00644454943757;
1.38971978292;0.143290459375;
1.6926920774;0.0608702694073;
1.06070121998;0.232796242427;
1.33922766639;0.157026269256;
1.66905092443;0.0673015779918;
1.24522693902;0.182598105191;
1.49970428572;0.113370417906;
1.06355594217;0.232019647505;
1.79034511442;0.0343048638929;
1.90826785848;0.00222531357019;
1.73952684877;0.048129398958;
1.75140031089;0.044899357726;
1.12230338242;0.216038070068;
0.689262606948;0.179412202632;
0.681541090573;0.17207159692;
0.412271153743;-0.0839149658346;
0.419674149616;-0.0768771676685;
0.429102590847;-0.0679138415308;
0.688107713304;0.178314281127;
0.458221683155;-0.0402312252004;
0.64143270752;0.133941803315;
0.53716309084;0.0348159183836;
0.748361898125;0.235596062545;
0.501583366717;0.000991380118675;
0.674413794106;0.165295897614;
0.638589251952;0.131238618452;
0.796634702277;0.281487517621;
0.409805174218;-0.0862592959512;
0.691138117445;0.18119519219;
0.798179359004;0.282955974779;
0.739709460843;0.227370459252;
0.531507283183;0.0294391177695;
0.784897399882;0.270329228911;
0.743556676327;0.231027887479;
0.819407271513;0.303136691652;
0.768799016879;0.255024996365;
0.788343541847;0.273605369006;
0.750592769473;0.237716882622;
0.642386894415;0.134848919151;
0.744736166417;0.232149192061;
0.471013560919;-0.0280703844533;
0.840904506102;0.323573444659;
0.516746054216;0.015406076021;
0.65707550795;0.148812927664;
0.48972873474;-0.01027845018;
0.733567325983;0.221531322475;
0.778833978899;0.264564922972;
0.652986133306;0.144925286247;
0.410899326118;-0.085219119735;
0.552295477385;0.0492018081101;
0.550031746232;0.0470497492372;
0.683530175835;0.173962558478;
0.737504589423;0.225274356498;
0.446651652706;-0.0512304936691;
0.494434513929;-0.00580481211339;
0.510958680096;0.00990419925787;
0.43486178515;-0.062438754445;
0.412249337441;-0.0839357059155;
0.780101743311;0.265770147209;
0.627330392649;0.120535170725;
0.59008246078;0.0851247191865;
0.514277823463;0.0130596057318;
0.676031558901;0.166833856341;
0.479367125331;-0.0201289103108;
0.432969876298;-0.0642373334086;
0.777485064033;0.26328255152;
0.670870833368;0.16192771492;
0.585967715719;0.0812129589013;
0.579575200871;0.0751357936505;
0.759951327701;0.246613773161;
0.489458980446;-0.010534897206;
0.48611971258;-0.0137094354152;
0.55333925293;0.0501940930913;
0.602571992361;0.0969981288119;
0.535442368147;0.0331800807824;
0.43931046054;-0.0582095369709;
0.793700408029;0.278697975247;
0.829716464115;0.312937320753;
0.692052644645;0.182064604784;
0.485630910789;-0.014174124091;
0.472582398924;-0.0265789389049;
0.58757595163;0.0827418588146;
0.719746992206;0.20839276055;
0.777661450171;0.263450236341;
0.75297234906;0.239979075002;
0.470059145863;-0.028977717193;
0.434119898784;-0.0631440427622;
0.664782109393;0.156139354212;
0.779136770618;0.264852777652;
0.471769180607;-0.0273520402922;
0.566228753309;0.0624477406259;
0.498074659833;-0.00234423850101;
0.436812921665;-0.0605838695817;
0.844623938257;0.327109393246;
0.493526088358;-0.00666842407883;
0.568082150446;0.0642097076992;
0.596140996992;0.0908843813251;
0.548082337859;0.0451965072648;
0.661044845368;0.152586453421;
0.804694269833;0.289149498087;
0.603143500056;0.0975414434208;
0.594086501802;0.0889312365807;
0.420779638908;-0.075826213346;
0.422474753554;-0.0742147205192;
0.695738836427;0.185568952781;
0.48580934882;-0.0140044885987;
0.416544638843;-0.0798522963264;
0.814944051435;0.298893646996;
0.621639746384;0.115125250129;
0.781727231529;0.267315448354;
0.410555768598;-0.0855457291949;
0.626454377188;0.119702370044;
0.745438815582;0.232817178791;
0.826620979248;0.309994539466;
0.775175427609;0.261086851931;
0.671778274445;0.162790390958;
0.446726398006;-0.0511594356351;
0.837945152235;0.320760078885;
0.65156467437;0.143573949401;
0.604499238214;0.0988303015652;
0.740512727122;0.228134099545;
0.461813810063;-0.0368163017566;
0.629474793183;0.122573785686;
0.46338485036;-0.0353227625582;
0.755524564523;0.242405386946;
0.740272859819;0.227906065153;
0.693372462237;0.183319314362;
0.780237521669;0.265899227475;
0.54983950235;0.0468669889522;
0.424299824687;-0.0724796820979;
0.73266758509;0.220675966763;
0.846200921861;0.328608582562;
0.692314148249;0.182313208136;
0.433578373077;-0.0636588544269;
0.462238318296;-0.0364127349692;
0.507131842939;0.00626614407181;
0.558293763359;0.0549041922199;
0.662197752901;0.153682486791;
0.753788642721;0.240755100024;
0.73467478923;0.222584153375;
0.61351721666;0.107403413486;
0.566822332484;0.0630120379049;
0.830547872252;0.313727714638;
0.576353337862;0.0720728685909;
0.646249058056;0.138520558127;
0.532041984187;0.0299474414009;
0.627658206581;0.120846813245;
0.759962091468;0.24662400594;
0.4989350248;-0.00152631625801;
0.812150583568;0.296237983888;
0.672565776179;0.163539044388;
0.416659155906;-0.0797434285131;
0.771229235595;0.257335329792;
0.823818045601;0.307329877535;
0.44733103038;-0.050584630423;
0.474152401258;-0.0250863864659;
0.74459435593;0.232014377237;
0.658373084818;0.150046493677;
0.790827099269;0.275966409883;
0.618082608922;0.111743590064;
0.746431693773;0.233761077239;
0.598818366858;0.0934296736708;
0.793283103484;0.278301256783;
0.769461260386;0.255654570691;
0.563053330692;0.0594289650041;
0.466373167032;-0.032481862745;
0.5879662456;0.0831128991654;
0.50378092106;0.00308052675417;
0.789811823293;0.275001218557;
0.833961178077;0.316972638435;
0.490165512834;-0.00986321881666;
0.620088649904;0.113650670898;
0.469738051124;-0.0292829719849;
0.462074672187;-0.0365683082402;
0.833686271891;0.316711293665;
0.41064052483;-0.0854651540789;
0.56914576915;0.0652208569551;
0.755641945631;0.242516977518;
0.715335795652;0.204199173041;
0.409280415997;-0.0867581672879;
0.469369887147;-0.0296329740397;
0.651221389171;0.143247598828;
0.477761909432;-0.0216549391922;
0.641858655876;0.134346739183;
0.626678428703;0.119915368858;
0.837185390394;0.320037796908;
0.674625816414;0.165497460634;
0.718956080848;0.207640865695;
0.470723859217;-0.0283457948601;
0.567558187561;0.0637115924644;
0.557720247026;0.0543589680616;
0.416530495027;-0.0798657424132;
0.81994375175;0.303646706745;
0.587167380725;0.0823534431498;
0.504721528306;0.00397473283871;
0.630570084802;0.123615045398;
0.566699550672;0.0628953130519;
0.771473113548;0.257567176985;
0.649292711915;0.141414065285;
0.797805081013;0.282600160322;
0.683651366475;0.174077770655;
0.667851629834;0.159057451926;
0.454610080976;-0.0436646631801;
0.765074143874;0.251483875331;
0.730636766033;0.218745330183;
0.515094668051;0.0138361545015;
0.482626812705;-0.0170300268021;
0.626600013809;0.119840822255;
0.810248468432;0.294429702126;
0.504774132773;0.0040247422714;
0.471154744194;-0.0279361659003;
0.80593617017;0.290330134151;
0.539511623273;0.0370485951992;
0.505471643041;0.00468784361113;
0.724042850618;0.212476699671;
0.531657941688;0.0295823441297;
0.653720361961;0.145623294616;
0.741178771924;0.228767287645;
0.515313134538;0.0140438438037;
0.620575831306;0.114113819119;
0.620008006855;0.113574006057;
0.834038920286;0.317046545537;
0.652905469405;0.144848601582;
0.73464098057;0.222552012533;
0.764478075884;0.250917212012;
0.711004182143;0.200081242661;
0.61276752331;0.106690703312;
0.437486683172;-0.0599433454507;
0.491387204167;-0.00870179482367;
0.604854849833;0.0991683704823;
0.838028551635;0.320839364103;
0.772108812825;0.258171516536;
0.474043640203;-0.0251897822224;
0.516778556141;0.0154369745914;
0.663658756871;0.155071417872;
0.572246260292;0.068168397551;
0.689734202564;0.179860533931;
0.608926745172;0.103039394868;
0.783892233546;0.269373648506;
0.807396749303;0.291718661353;
0.587016509609;0.0822100146669;
0.684189244395;0.174589114481;
0.704426945744;0.19382846837;
0.448656054561;-0.0493249711018;
0.583096595688;0.0784834742939;
0.707163265551;0.196429802594;
0.65809711504;0.149784137783;
0.485526467516;-0.0142734150657;
0.451042967686;-0.0470558069554;
0.673745507002;0.164660577828;
0.796175331044;0.281050807662;
0.644961730867;0.137296736165;
0.742658536589;0.230174053935;
0.434912066854;-0.0623909531911;
0.521847708846;0.0202560605697;
0.795235741752;0.280157569316;
0.647844713993;0.140037498649;
0.749077986213;0.236276825241;
0.58962116288;0.0846861776053;
0.577405248093;0.0730728869651;
0.459277997302;-0.0392270201606;
0.647400618235;0.13961531061;
0.782731705044;0.268270370116;
0.689265559172;0.179415009219;
0.762753914185;0.249278105055;
0.824728804314;0.308195707547;
0.498453802403;-0.00198379943978;
0.450135371581;-0.0479186303731;
0.506966467547;0.00610892682564;
0.779238692371;0.264949671495;
0.667234624133;0.158470883777;
0.630249101202;0.123309896262;
0.568171877953;0.0642950088527;
0.797145355581;0.281972979851;
0.669378606175;0.160509100891;
0.409676112356;-0.086381991054;
0.526020567089;0.0242230672513;
0.42418871017;-0.0725853152169;
0.528409006733;0.0264936826117;
0.648341599814;0.140509872561;
0.753404661632;0.240390061133;
0.832768791403;0.31583907347;
0.570803700496;0.0667970007733;
0.648652036175;0.140804994764;
0.486330522487;-0.0135090249867;
0.424702207258;-0.0720971494892;
0.573439904826;0.0693031583239;
0.828000430539;0.31130594095;
0.525008080179;0.0232605274035;
0.489735004975;-0.0102724892623;
0.518734587883;0.0172965131943;
0.53707721008;0.0347342742136;
0.461183532856;-0.0374154867147;
0.413491413463;-0.0827549028324;
0.591106426457;0.0860981715409;
0.605735530178;0.100005605924;
0.770789064711;0.256916873008;
0.82786585704;0.311178006105;
0.534380731176;0.0321708154992;
0.591225113219;0.0862110033579;
0.607046873971;0.101252259725;
0.560919570276;0.0574004652722;
0.836978986914;0.319841575532;
0.578000682207;0.0736389476767;
0.744797914787;0.232207894318;
0.771993953638;0.258062323475;
0.449257203586;-0.0487534774017;
0.453319513794;-0.0448915653025;
0.493570417326;-0.00662628190554;
0.471553823547;-0.0275567735584;
0.567870752252;0.0640087380049;
0.706031611356;0.195353974111;
0.607339772427;0.101530709186;
0.785470942895;0.270874478434;
0.850030906104;0.332249629585;
0.823579109259;0.307102728179;
0.493719948141;-0.00648412760573;
0.625707103016;0.118991959706;
0.828188262543;0.311484507;
0.847224293175;0.329581469875;
0.775563710276;0.2614559802;
0.846665669324;0.329050403536;
0.491078666769;-0.00899511174201;
0.509417247869;0.00843880753169;
0.738978194414;0.226675266977;
0.471669575421;-0.0274467318485;
0.785407771514;0.270814423364;
0.765299596808;0.25169820643;
0.440853608432;-0.0567425142161;
0.448763801192;-0.0492225397275;
0.414999100598;-0.0813215915171;
0.441345875219;-0.0562745314757;
0.592631458257;0.0875479718909;
0.734759029248;0.222664237743;
0.808639995392;0.292900576783;
0.630530777788;0.123577677441;
0.720024961914;0.208657017715;
0.467668281175;-0.0312506379683;
0.437801765114;-0.0596438068374;
0.557930354478;0.0545587106878;
0.435031099736;-0.0622777923279;
0.804089153703;0.288574232982;
0.656865127282;0.148612925299;
0.501085241047;0.000517827520692;
0.600964491996;0.09546992816;
0.676362003638;0.167147999885;
0.586323998243;0.0815516656275;
0.547903601914;0.0450265885556;
0.8252508762;0.308692025068;
0.553884696314;0.0507126291699;
0.550034084038;0.0470519717165;
0.784383362676;0.26984054971;
0.682292499426;0.172785937971;
0.596369457532;0.0911015716621;
0.594351116276;0.0891827973401;
0.765345017479;0.251741386451;
0.483319862116;-0.0163711662608;
0.813967386351;0.297965161846;
0.707267610386;0.196528999986;
0.43774691101;-0.0596959549305;
0.640029214926;0.132607546513;
0.848896364602;0.331171056229;
0.519437344264;0.0179646018516;
1.16072724335;0.256081764842;
0.813849721563;0.106610848731;
1.46437764721;0.248548849156;
0.783464590293;0.119349048407;
1.26100393017;0.202106146271;
1.44671016758;0.280232869412;
0.970481658326;0.139674083189;
0.471134729568;0.272197222395;
1.75290377655;0.241075196487;
1.00335775904;-0.0738086576471;
0.766437495261;0.00670577590159;
1.49626945274;0.223170666561;
0.550403080892;0.124639219108;
0.678988896467;0.203048545765;
1.29843036957;0.106679396253;
0.55926842268;0.0312902534776;
1.02594398773;0.237513371447;
0.661854532203;0.135034829852;
1.08725165913;-0.0037611046978;
1.8773216049;-0.041075265511;
1.40717808609;0.036788239967;
1.16721491765;-0.0544529686982;
0.743114476968;0.210111335552;
0.941683415813;0.109923901926;
0.913621292848;0.120911788069;
1.14879758521;0.224118652793;
1.23242351792;0.111309199954;
1.80329167832;0.00891737254022;
1.22402671712;0.199348128676;
1.60480603754;0.218785341077;
0.86355907425;0.207762715454;
0.510451476841;-0.0275328608589;
1.55999882527;-0.0453054769944;
0.886898898404;0.287770392472;
0.905120153127;0.0541237948755;
1.39367832216;0.244129573954;
1.06191458347;0.0538727356636;
1.91196246082;0.0450100075318;
0.774438142374;0.233090729371;
1.48003854862;0.271353837502;
1.21620399443;0.230661430377;
1.88465245778;0.0215144469381;
1.8131052168;-0.0863476354727;
1.85358604422;0.095882636411;
1.76420906794;0.232983767508;
0.548493290364;0.267335170688;
0.708055366905;-0.035885850012;
1.15677519921;-0.0614973050994;
1.00335618771;0.307319108425;
1.88070482257;0.277295437064;
1.03385165985;0.32030912022;
1.3399233134;0.208129561378;
1.86844082317;0.145533955246;
0.764251735059;-0.0270238044075;
1.58893633628;0.223801078178;
0.732283193024;0.322697684425;
1.63772898332;-0.0687249195188;
0.521864987147;0.10725516407;
0.585951909623;0.105214742393;
1.21537979205;0.292477161054;
1.08798179054;0.111366749288;
0.798277826394;0.117678178833;
1.18917697245;0.0734265762989;
0.73760949277;-0.0055129241667;
1.49089583027;0.150796931142;
1.8453808288;0.118124479726;
0.489666561859;0.206447416205;
1.20699922554;0.254555236633;
0.759176788115;0.276606016558;
0.465743396438;0.233399322594;
1.08673298797;-0.0623692596242;
1.5041072598;0.205851140805;
0.987433344517;-0.0863716982289;
0.919268977461;0.16787318934;
1.51675773384;0.214899548118;
0.447841755405;0.289429515659;
1.82375865054;0.0741314093051;
1.28725784003;0.0958421050371;
1.63856746717;-0.0490009553971;
0.421482382577;-0.0842673342177;
1.05867641773;0.271788773997;
1.64148478748;0.277056489881;
1.40322172946;-0.0185904312353;
0.925854417718;0.0232379320773;
1.13453020064;-0.0658175454659;
1.15175118986;0.282486686642;
1.82115117677;0.232899725104;
1.09350392242;-0.0343705236451;
1.53541353139;0.0423919398964;
1.26624482515;0.0757722563633;
0.435399974143;-0.0743419122824;
0.512925824602;-0.0378544331713;
1.42656513478;0.252142531506;
0.775759417802;0.1057104076;
1.5741997118;-0.0238595982138;
0.904170066644;0.256677731004;
1.86481373407;0.290567121857;
1.07706557935;-0.0348824696532;
0.417542887357;0.222053561804;
0.714709533028;0.226470242263;
0.73422465613;0.0645357146934;
0.815522690219;0.281740467911;
1.06762078695;0.316845898526;
0.762004125134;-0.0402327415775;
1.33504534781;0.269404116053;
0.485563763005;0.1110316606;
0.695830986578;0.325338280726;
0.806937621178;0.215398429718;
0.653335846088;0.132895817335;
1.83789848531;0.0175756272048;
1.60054387929;0.141859575598;
1.62293984814;0.108850841158;
0.513869977487;-0.0638743009496;
1.6491392289;0.0868471402154;
1.1400558866;0.293683619593;
1.05643854558;0.101486150027;
0.808545637426;0.102967481275;
0.472325894367;0.31373609326;
1.27153635251;-0.055925985259;
1.43256265728;0.0700018095174;
0.74576432692;0.216673510243;
1.3676285789;0.0757949310187;
0.830860454373;0.140625824601;
0.922935697665;-0.00177422053439;
1.62333652075;0.172707084331;
1.93011973731;-0.043938651027;
1.12843905147;0.0843406041124;
1.76492785179;0.293737327217;
1.63553893248;0.173526574633;
1.22427538699;0.0417437904958;
0.573116773457;0.185789655734;
1.89161261658;0.223593725157;
0.944749769239;0.118132613405;
0.659548054565;0.249097825661;
1.06191924147;0.239459107485;
0.667776276611;0.0412013185344;
0.828080880683;0.310926221865;
0.428864353932;0.0946844701819;
1.61261916236;0.0946742474398;
1.7591569601;-0.039587673673;
1.60240151757;0.207852818448;
0.996540745793;0.296646753647;
0.744564483732;0.252125689058;
0.456088713754;0.148154655349;
1.15833816549;0.130609708586;
0.552292846296;0.185348905265;
0.697452838144;0.292312736905;
0.56733802327;0.0953348022378;
1.51452465364;0.22372181003;
1.85597958215;0.13143067697;
1.55744703751;0.171256187841;
0.412552964825;0.0589506694103;
1.74857916304;0.00623409218171;
0.727281840125;-0.027594296867;
1.34094504492;-0.00906064695798;
1.87868304778;0.120601625505;
1.66432891073;0.265115762931;
1.18232183174;-0.0364024156772;
0.993091186532;0.266311806624;
1.40543795553;0.153163713067;
1.21961009927;0.0187234999971;
1.35314492675;0.0764705163355;
1.00699644334;0.0157707934995;
1.39780494084;0.117770819438;
0.83615937082;0.10360670132;
1.00734910107;0.224572559177;
0.60831728873;0.133472941305;
1.20763127351;0.0882003366792;
1.53529604343;0.0534259437831;
0.574621562731;-0.0346893293086;
1.24302392569;0.0510981632949;
1.86466182414;0.214999233752;
1.73564087181;0.134680330139;
0.97704391839;-0.00203321697394;
1.16869651403;0.133050951155;
0.430442220481;0.0916047310017;
0.443898571823;0.148065032699;
0.543930094086;0.165673282593;
1.45411535083;-0.0690890680641;
0.708554480752;0.319973792018;
0.687018587398;0.0256213978474;
1.73182164077;0.0994315790997;
1.37714846588;-0.0224877447965;
1.21294759352;0.219882299954;
0.996737189431;-0.00466175166312;
1.2747227524;0.127705175854;
1.62598158516;0.306038034196;
1.18341550997;-0.0808725492165;
1.48745052925;0.187321924941;
0.484682004758;0.0537110670054;
1.69289837139;0.0923959033336;
1.30361103326;-0.0633408874708;
1.39923882422;-0.0728541240315;
0.434308074035;-0.0353621645323;
1.44902104846;0.186455890492;
1.12793639373;0.223271609846;
0.601113151933;0.312361505361;
0.763296502919;0.0742008166149;
0.722584806406;0.138693177436;
0.718807404546;0.266167204884;
1.29671208454;0.249448054375;
0.776746101776;0.223543940176;
0.930619338311;0.145651334874;
1.10615547544;0.118381741359;
1.35967969533;0.139213121668;
1.60255931335;0.204297449643;
0.837690862259;-0.0573723240821;
0.715802904007;-0.0572517456709;
0.463411187143;0.0158160624014;
0.769464130285;0.256389181611;
1.33993179515;0.130455405553;
0.618354073817;0.177293390073;
1.05109842012;0.129209831841;
1.2299042125;-0.0553397959694;
0.720347959147;0.114310088052;
0.591365558207;-0.0731526815738;
0.830825999366;0.0896943262382;
0.984711756576;0.316104340916;
0.568545691939;0.219875213513;
0.527450702618;0.00571283828317;
0.875912917196;-0.0642897306105;
1.45171882867;0.236232437546;
1.6055280476;-0.0426908733449;
0.917209683511;-0.0772371620691;
1.31742721584;0.141441017362;
0.602043514839;-0.0411617985513;
1.91374523568;-0.055196643253;
1.58586186828;0.189049243086;
0.979394193185;0.125781298586;
1.16379077402;-0.0433899614262;
0.875150436685;0.171618094028;
1.53720398738;-0.0220452607607;
1.55404943847;-0.0100440957059;
1.22289749072;-0.0122218627013;
1.20310138492;-0.0725140215813;
0.64011095965;0.0971113974281;
1.14928498121;-0.0104681003266;
1.18992623877;-0.0665696073719;
1.4212162849;0.199933228436;
0.57756824399;0.141219347154;
1.78015276525;-0.0479403485446;
1.27239938417;0.0696832561701;
1.0683696512;0.126771861376;
1.8755867346;0.145413711351;
0.795901200678;0.102739488845;
0.974982141577;0.0976474550011;
1.19757948567;-0.049037986709;
1.34469354742;0.251355627347;
0.541912468817;-0.0507304128613;
0.529701356162;0.326902095573;
0.982073726139;-0.0341811988962;
1.51076701815;0.170432694093;
0.75520632404;-0.0215476783942;
1.39868797784;-0.0785206888217;
1.21238307944;0.25097921913;
0.766480244962;0.0146164755422;
1.03062362418;0.147622193061;
0.703265155578;-0.0856635452359;
0.75418031942;0.093773993473;
1.33648157236;0.327544222635;
1.06476539348;0.038967995825;
1.90623755825;0.321606856278;
0.737142772057;0.316335395491;
1.34039685784;0.142625308055;
0.838852758705;0.130239517075;
0.985763294917;0.206974734732;
0.824082710632;0.183121700677;
0.925703421996;-0.0537929287364;
0.560582595432;0.242225619729;
1.50626899304;-0.0806252369125;
1.45465607057;0.0956689503858;
0.848786193497;0.315818975079;
0.432407678192;0.0823333529463;
0.574258888877;-0.0589300806926;
0.567436870529;-0.0354569599332;
0.778059303842;0.00913194637821;
1.93322439263;0.102836500823;
1.52968583584;0.239851251693;
1.57957161435;0.072011987563;
1.06809540222;0.105165028506;
1.08462362279;-0.0193839694934;
0.640823572251;0.322029001341;
0.630990368148;-0.0256884364638;
1.46176513363;0.195927078392;
1.52611323714;0.0728690044214;
0.77489541702;0.27649446935;
1.83663905277;0.136144831209;
1.23498106974;0.0876813396824;
1.59051997803;0.087868598;
1.52122649793;0.190626714784;
1.42762744314;0.0200448043759;
1.32706854362;0.184331893714;
1.51420565617;0.266439264726;
0.8898421395;0.153348132786;
0.8505571874;0.194735559032;
0.726777037447;0.210807139422;
1.46724110162;0.158406110553;
1.54097644264;-0.0459363183713;
0.732215191132;-0.0497671536427;
1.1103064809;0.243089861843;
1.31908647479;0.251868715455;
1.18539215843;0.164684323533;
0.731146990272;0.0415772505275;
1.63226744599;-0.0388696442686;
0.791106263209;-0.0672639560301;
0.999957173161;-0.0631978421654;
1.77029655136;-0.0444187145407;
1.25947541289;0.177917636237;
0.517729118088;0.150517354762;
1.01025559363;0.0992488789654;
1.2982612101;0.220659014484;
1.12428625439;0.212112625963;
0.476934873522;-0.0603624602143;
0.722852632725;-0.0136369497699;
0.952790735817;-0.0854021921922;
0.581204889032;0.0592377305478;
0.599956452573;0.210914953904;
1.60918850839;0.217943128169;
0.511313457069;-0.0695797672307;
1.12519931421;0.202933437122;
1.54874908901;-0.0834849215178;
0.985186797269;0.0087852606628;
1.12485352232;-0.0759338291535;
1.60843994379;0.108537811105;
1.21552455788;0.062564706775;
1.13357241766;0.0184686027255;
0.999964010885;-0.0814373483264;
0.772090006225;0.0350566075123;
1.78632491306;0.303402007273;
1.34253071595;-0.0867312071736;
0.89688497664;0.217824060842;
0.698742612984;0.0316345767987;
1.44066863319;-0.0234085086714;
1.70140694494;0.149380594585;
0.954439535342;0.120084366357;
0.458267980128;0.0681771077224;
0.957917306101;0.18023964661;
0.511025741904;0.27585014205;
1.58214431928;0.191867591316;
0.614549372967;0.147264960542;
0.446494276021;0.21452035628;
0.464376296141;0.180500318856;
1.48731897268;0.124703276382;
0.57006857184;0.305527885599;
1.31966293491;0.0596554904035;
1.23526463899;-0.0666420330233;
1.01486318104;-0.0460453259193;
1.00782755189;0.250525018421;
1.51549113191;0.309823297202;
0.490808768859;-0.00560777728742;
1.41910988146;-0.00853778810874;
1.66810118981;0.0708672225891;
1.46981018591;0.0136661013744;
1.61904646174;0.182106390107;
1.12865450967;0.0339411691061;
0.503759993215;0.262998828735;
0.623613424835;0.10718584017;
0.931352498972;0.235380553665;
1.86873793965;0.0337931543672;
1.04985079987;0.173036480595;
1.50923784139;0.00273918920297;
1.66889823354;0.122192823346;
0.750241590221;0.28458870416;
1.70075196211;0.10400079161;
0.728385769567;0.000550917099246;
1.01054267662;0.221341688783;
0.524545804969;0.0373536966789;
1.90449960937;0.244799502801;
1.74093222346;0.252217723325;
1.3086302026;-0.0358692849385;
1.52985024183;0.00565846138396;
1.5857425337;-0.0690532932203;
0.845536024341;0.0679974154475;
0.799801787205;0.240900058961;
0.912949736337;-0.0400916675475;
1.4966174802;0.0814656787735;
0.663358932467;0.267064851982;
1.78167208054;0.084171412867;
1.64752861095;0.140134865728;
1.30456484984;-0.00568794230065;
1.05779208773;0.130435471832;
1.38333381021;0.234878308731;
1.58435404905;0.165083294513;
1.8716681866;0.104530844687;
0.551541499763;0.265973851637;
0.952132092651;0.0559016455929;
1.08243561659;0.122846010761;
0.853613107867;0.0244467452354;
1.52180733853;0.0331686914892;
1.88616711742;0.114734953041;
1.550213359;-0.0574939608774;
0.982538358232;-0.0117159883077;
0.719859149268;0.261227380321;
0.858514167719;0.303236525339;
0.803259551568;0.19333282161;
1.37047256226;0.0375966047002;
0.923863210294;0.0137910200093;
1.92894743241;0.237158865135;
1.3880169993;0.0612690704632;
0.878417109496;0.115250540038;
0.524057210306;0.124223357968;
1.0184632629;0.178876703374;
1.55583324358;0.2308554583;
1.60732925649;0.309607219229;
0.784378402596;0.241255959246;
0.464881774032;0.0968672915797;
0.982646509827;0.322853830758;
0.745246326775;-0.0535655145414;
1.64813739821;-0.0830725586333;
1.55121866262;0.0753238731234;
1.34821611386;0.305340460075;
1.26010275974;0.251275797279;
0.596941706055;0.0811424332282;
1.54450168359;0.0680621021276;
1.57408765241;0.173950120902;
1.44579014957;0.257898007538;
0.920515582065;0.183431127611;
0.98014732769;-0.0221838329353;
1.27021034142;0.174434558045;
1.90646143793;0.119423902683;
0.955579511383;0.262323600966;
0.779925428973;0.0862904433514;
0.522536252898;0.160289736016;
0.924686106593;0.142991293121;
0.49433880042;0.200344736852;
1.57718860514;0.155437123482;
1.46814330155;0.207115069912;
0.446182155796;0.286157894305;
1.92436647647;0.309664896797;
1.52924061536;0.00720637183839;
1.88993028562;0.166448461107;
0.454806663074;-0.0302680209148;
1.93117889767;0.282822674762;
1.01941596858;0.0589874328177;
0.841329579748;0.0689211905432;
0.754180382639;0.201948424813;
0.693456925013;0.0627707369976;
1.15986006201;0.084246174802;
1.88082429352;0.0356733989958;
1.64799168808;-0.0561816699182;
1.44889580088;0.199141849794;
0.605541472984;0.322774247529;
1.16930356401;0.0581686089012;
1.31219666418;0.166317389334;
0.796299127026;0.0826125129438;
0.833337016534;0.265545054517;
1.6459779505;-0.0611545068182;
1.22815503227;0.208838883621;
1.08637392562;0.180283422193;
1.22915786764;0.201080682254;
1.91050597232;0.0653198766571;
1.88327864739;0.0083669096349;
1.13458588557;0.206041533358;
0.715659675706;0.228113040209;
0.514841700321;0.0913877071501;
0.526051728815;0.0155626332654;
1.51946644854;0.243352912614;
0.592090533293;0.259362160963;
1.23771298662;0.159332607508;
0.635267349624;-0.043582385259;
1.00473272481;0.231386305127;
0.843986224104;0.102991698381;
1.71482443702;0.091255878781;
1.43720753451;0.122979104713;
1.317035973;0.267405496147;
0.539051122659;0.286214271593;
1.42686211838;0.132024951028;
1.11252064332;-0.0530379798982;
1.72682959169;0.0570397482317;
0.536151447679;0.162634201163;
1.46908778875;0.114197851552;
1.42835581172;0.289547858783;
0.676963055498;-0.0572234833738;
1.83998267531;0.0357361949801;
1.70261453059;0.170649421563;
1.47474578778;-0.0596020044794;
0.801464253117;0.314107602649;
0.920414232485;-0.0183083290254;
1.8984012251;0.0824908431546;
0.499829049435;0.190747814933;
0.85086361005;0.0930885049215;
0.581867316593;0.0637707940491;
1.11138046057;0.308074185055;
1.00103319328;0.19664149141;
0.5431473036;0.0620007758468;
1.59984851019;-0.0400281362445;
0.909948134657;0.254305326601;
1.93890413328;-0.0627738227435;
1.2630367132;0.238657505746;
0.932591296244;0.131040871301;
1.22417533805;0.311727250852;
1.7306001482;-0.0749927677757;
0.800466075901;0.112147470059;
1.93946625051;-0.0762071160603;
0.82137046447;-0.00198957694474;
0.590351868462;-0.0171477743547;
0.765270985412;0.127719809221;
0.853620458408;0.066849270129;
1.19401285781;0.0677872072446;
0.941952710408;0.202191242432;
1.29337201924;0.251721230041;
1.59527671917;0.195681240309;
1.47910789631;0.317689938683;
1.58234924568;0.305384456959;
0.6361029761;-0.0848244945731;
0.491376054409;0.279555541892;
1.17999129446;0.213914330835;
0.661086136926;0.152557367622;
1.29089339703;-0.0174499202312;
0.936320356041;0.179952404349;
1.41287397633;0.0289294478296;
1.43831717299;0.203365713104;
1.57320011714;0.219536482658;
1.30057208306;-0.0687205277059;
1.19735553505;-0.0752880618764;
1.51569313099;0.166021221509;
1.36912863132;0.249782087191;
1.41785336514;0.0249848008454;
1.40547138435;0.168069210996;
1.04263559557;0.141812138057;
0.658182856081;0.0481306275668;
1.13697697711;-0.0240022506191;
1.62305490989;0.192752136953;
0.43169790866;0.269337616352;
1.47122710202;-0.0567522904832;
1.14050994707;0.130972830904;
1.60181146532;0.265021488657;
0.526848651653;0.103992477649;
1.74970876147;0.270124641085;
1.25318187187;-0.0358006978974;
0.593773807062;0.190445879824;
1.62291069843;0.218042210433;
1.79219455214;0.0104324543488;
1.200941851;0.327903514422;
1.74794770355;0.0378145733998;
1.0051180751;-0.0475781020107;
1.68958039947;0.0142572458281;
1.50530225121;0.14141744514;
1.6519296822;0.0377905048467;
1.54464914422;0.180983638755;
1.25465445754;0.242882640192;
1.91414497594;0.122528841008;
1.14039207384;0.164854866487;
0.626904462203;0.0417208039397;
1.52935910007;0.0335654014116;
0.448651541484;0.299574744824;
1.20772996184;0.275174332787;
1.20927944195;0.0264534454132;
0.412900479896;0.0760433835735;
1.43223126558;0.167065849752;
0.436844525121;0.217163724288;
0.55058937625;0.231417116747;
1.47665463175;0.21439240573;
1.72334228656;0.286728246434;
0.418230105688;0.192702299694;
1.30566280519;0.230216501356;
1.49267712171;0.121399017268;
0.52041837691;0.0721859187369;
1.60075084349;0.162633355898;
1.39057618177;0.221253792608;
0.501507818869;-0.0244694231306;
1.46719821588;0.281876272762;
1.64969186288;0.178165109842;
0.465177330094;-0.00506421779307;
0.528434363582;0.326304900673;
1.77868483103;0.327218269615;
1.62439379603;0.132845997195;
1.51293880628;0.00317757777068;
1.39379524862;-0.0851824503934;
0.633448549403;0.279773128312;
0.497196553357;-0.067957186034;
1.36453202166;-0.0228894482174;
0.676920478295;0.0275475418468;
1.4412052935;0.143719885082;
0.522715919252;0.0629150300812;
1.84776872525;0.234271347189;
1.67381243663;0.0917618359571;
1.62056325641;0.112099373487;
1.08817148842;0.286353631618;
0.585987113747;0.0845717632439;
1.93464146825;0.301715870678;
1.3800398724;0.0457373169911;
1.64321713914;0.313154923162;
0.96915923995;0.0729600656952;
1.20117938036;0.117300276777;
1.64334332314;0.301424083047;
1.29833073909;0.069071698403;
1.18206931224;0.0448390144462;
1.62591292774;0.0147593306543;
1.5404302727;0.0101161878845;
0.873054943607;0.0240122600117;
0.568089213016;0.307998925056;
1.34694388463;0.181739172407;
1.01950433524;0.12313438492;
1.37237841436;0.0305782148428;
0.461792552671;-0.0305597184005;
1.1822049323;-0.0720527262434;
1.28830111364;0.166964730882;
0.823038617246;0.257521379881;
0.50896514514;0.0705739070322;
0.64594564973;0.0344909814876;
1.11725235309;0.315978422464;
1.67087324895;0.0501279525171;
0.484467157561;0.0965191975938;
0.681521256797;0.107255382698;
1.30002083588;-0.0742475941311;
1.36137248192;0.0538546680277;
1.12407423636;0.0156394041306;
1.86785793177;0.12709806951;
1.26463227274;0.234739406579;
0.470233497829;-0.000564627379297;
0.47925026316;0.235228003628;
0.515210976361;0.13963160897;
1.60886726561;0.227591312426;
0.582269073149;-0.0110098841572;
0.823075052152;0.118906765845;
0.660014468102;-0.0507717495042;
1.77898496895;0.103480755777;
1.76156492763;-0.0385590087004;
0.792041831835;0.233233148776;
1.0581103025;0.15580561204;
1.61174783016;0.209722793888;
0.771901429404;0.259241217372;
0.413345276878;0.195664404994;
0.54550167958;0.153430011804;
0.772707051241;-0.0399612614065;
0.648266102437;0.00835307627352;
1.03975883678;0.027409119758;
1.79501870734;-0.0445370465472;
0.903104054899;0.314534734135;
0.842792431961;-0.0358291960907;
0.548711473253;0.0359706869373;
1.04291085734;0.331628753727;
0.914716399366;0.0706861767495;
0.618616058047;0.0120604738346;
1.70362946229;0.128144559549;
0.450145031494;0.150181303456;
1.70737324541;-0.03582540375;
1.60121653661;-0.0117499722478;
1.44808983848;0.122161246291;
0.743825636154;0.295791346173;
0.631296674738;0.256214276161;
1.7252770252;0.0666933864287;
1.47881301379;-0.0386157150147;
1.4538288007;-0.0296199958074;
1.25066677372;0.246448340286;
1.33005974939;0.177244465498;
0.757390164686;0.228751104976;
1.83100736317;0.194078831508;
0.444340155032;0.0724030482187;
1.47654640422;0.136677352936;
1.202024299;0.146103070588;
0.704506006555;-0.00550622061571;
0.524001578827;0.203052114739;
0.749440002191;-0.0814413088062;
0.620691060438;0.24859031789;
0.509568813683;0.259823955199;
0.775398895964;-0.0242944115274;
1.56621345084;-0.057651254277;
0.619158901399;0.0688119013076;
0.456737190289;0.0656216330791;
0.819541668893;0.291770039568;
1.90782318279;0.305432064335;
1.69560377897;-0.00814066393593;
1.6335134999;-0.0569981540773;
0.56284734833;0.0442756640907;
1.56080195065;0.192078049716;
1.16081741587;0.0434676037914;
1.69483878953;-0.00963984224641;
0.964557065619;0.0851090917123;
1.51642555232;0.0180569830137;
1.81564636771;-0.0114870515714;
0.863152589704;0.262036247293;
0.69469663873;0.296207606748;
1.11402784683;0.155170843564;
1.38044267129;0.204638829079;
1.75510332089;0.281875192804;
0.669543734484;0.0948828081972;
0.565402786823;-0.00206108027034;
1.35216257136;-0.064290690426;
0.994879134912;-0.0757219148434;
0.720853997717;-0.017804550662;
0.738509102045;0.0102681374998;
1.3976367371;0.329566502391;
0.925240438254;0.0158578150451;
1.24537574122;0.274613968007;
1.14279335749;0.139762468091;
0.445719047872;0.284007394123;
0.683309750995;0.217312286202;
0.866193357826;0.15972927003;
1.8233516574;0.313796875768;
1.11775730965;-0.0365581858015;
1.12529968541;-0.0703952243108;
0.922520599955;0.273712520566;
1.28770657309;0.118391262258;
1.01803502649;0.202424131399;
1.31056148218;0.0634769898621;
1.81250579888;0.231159966689;
1.15101002833;0.30656056204;
1.1270300396;0.191376670685;
0.546199295582;-0.0562346404042;
0.618976876035;0.065542057731;
1.07028316463;0.0510944281891;
1.44658487513;-0.0455226001378;
1.11748500135;0.0372313086641;
1.46969511609;0.325979455867;
0.52783769487;0.256947834741;
0.748710055441;0.194546183933;
0.96522842081;-0.0115019510501;
0.72070371864;0.111751343725;
0.450716878421;0.137732205166;
1.66817448231;-0.0794310241547;
1.03041586015;0.324369437583;
1.37905498164;0.264763872365;
0.603236466049;-0.0339564705636;
0.463258323505;0.280356080907;
1.32943354817;0.318569451381;
0.688412345881;-0.0225966955428;
0.602831892127;0.0683005491637;
1.37298610598;0.222568837224;
1.77270258863;0.103512996956;
1.48052629998;0.331408967196;
0.550458645061;0.315047118827;
0.638170022735;0.163988399255;
1.42605906667;0.285122555308;
0.688418005073;0.319578199741;
1.15812501998;-0.0132882567086;
1.40283017088;0.225283428652;
0.413962779332;0.217918954362;
0.443907895708;0.160323951922;
1.29047162936;0.117088735297;
1.06073030146;0.094615483304;
1.82853492878;0.268638098903;
0.542757354425;0.201677393087;
0.571782061397;0.00374977804103;
0.865191212481;0.307007372247;
1.77940351634;0.0775369726629;
1.28497216939;0.229647487514;
0.846355899265;0.131506840766;
0.485723085623;0.0554729485252;
1.14367530692;0.125496504473;
1.28445323194;0.0284647815292;
1.53136698436;0.0492134011084;
1.41866646326;0.133749820301;
1.15994553933;0.150222051026;
1.83837825495;-0.00823431173931;
1.90775032508;0.328799377777;
0.762669521689;0.315657633571;
1.17709857198;0.172465527211;
1.91278910701;0.101313133298;
0.730900384399;0.146197848395;
0.843334876877;0.138417417955;
1.09886209581;0.33173239682;
1.5613073921;0.151486283566;
1.38658167407;0.0220984292312;
1.51297226182;0.0875008388;
1.59351195063;0.0148059095345;
1.76061246967;0.18098796746;
0.871151577598;0.222301184918;
0.595581989468;0.19888518363;
1.66631894533;0.167696107519;
0.528842397938;0.283169211026;
1.55728523634;0.00664885782408;
1.50293192637;0.103784760706;
0.61261282865;0.292604869737;
1.41374291951;0.173570485697;
0.778905198167;-0.0706729095794;
0.415618054186;0.16185836468;
0.455296995325;0.242922704293;
0.556041484225;0.245845218465;
1.85370466683;-0.0837238677569;
0.661096719795;0.331351686676;
1.13322424448;0.239963123476;
1.61996674769;-0.00039175879529;
0.636971624771;-0.0624166466558;
0.708636614523;-0.0691746224824;
1.67429899563;0.155224333378;
0.887048116285;0.15686199447;
0.947219452545;0.136573015379;
1.81647767612;0.181828500925;
0.984133164058;0.0736293808327;
0.681346520543;-0.0352030024636;
0.837509005735;0.316276227023;
0.584042368283;0.177415140968;
0.983607418873;0.012638599755;
0.652669520292;0.318937326493;
1.1449907427;0.0815286266402;
0.596666453638;0.268432577028;
0.545764646059;0.106658875884;
0.65376477157;0.00656575445079;
1.19289220755;0.178552860209;
1.89630344455;0.0209176078428;
1.58741395892;0.107950326033;
0.900579160959;0.187530883842;
1.93180836089;0.175394298164;
0.815358597373;0.185618700698;
0.542804207369;-0.0373188230587;
1.64112407226;0.0309106867646;
1.78780582711;-0.049569597269;
0.429421212418;0.124712019468;
1.47653700402;-0.00455625886407;
1.65470949824;0.196390823278;
0.534959684118;0.105135467491;
1.37778683003;-0.0348879028413;
1.89424380487;0.190853352664;
0.530180222722;-0.0483494492993;
1.17904142944;-0.0392174711397;
1.75163380194;0.0981364660865;
1.57094578441;-0.0735391656808;
1.20040570215;0.253100828226;
0.956529720439;0.268850382276;
1.42122070679;-0.00103433100212;
0.940477744338;0.147371806941;
1.93978819269;0.258334375415;
1.22792384509;0.0430152217969;
0.645000331771;0.0924147412733;
0.745059743643;0.323637351881;
1.73457129501;-0.0331297294028;
1.10166427327;-0.0574862561711;
1.90360751256;0.0480419505566;
1.7850206428;0.186532534702;
1.63903501082;0.0115207230312;
1.0943475412;-0.0833964360761;
0.499715173074;-0.0203615702022;
1.61168313022;-0.0180852716235;
0.994292479067;0.00387077447582;
1.24459909568;0.185326938712;
1.8232261632;0.145304725201;
1.18384098807;0.127452190618;
1.55819424949;0.26927289824;
0.431252367726;0.152040683583;
1.63238174976;0.224123238376;
1.92357187976;0.0267557507641;
1.61602296823;0.221762287436;
1.06690447388;0.248351051522;
0.879351508627;0.0846800213175;
1.83509592856;-0.0378368540649;
0.435575780814;0.161367743482;
1.4419222215;-0.0329681887626;
1.52723497754;0.0924799754368;
0.843830263315;0.116402889514;
1.50248746628;0.298025330389;
1.36208695789;0.202546159546;
1.46571212663;0.0299243568466;
0.899087504744;-0.0132014590601;
0.473586827769;0.331811996951;
1.48551586069;0.146064184728;
0.828277071108;0.246399967122;
1.63226413155;0.205713983537;
1.05090110681;0.272379544673;
0.962051421623;0.193922382293;
1.18159125022;0.137596865818;
1.05155868474;0.0708673635689;
1.8569430438;0.166256910433;
1.65787151307;-0.0748580493977;
1.53767558758;-0.0713079873309;
0.867748554457;0.216126927193;
1.23419391496;0.31960936545;
0.801765608696;-0.0370585393064;
1.41837555399;0.0269970638399;
0.984115926678;0.318537636401;
1.11037421036;0.315719190335;
0.45589362417;0.198121821473;
1.36371679652;0.30546150554;
0.791555624317;-0.0505069311159;
1.92161812294;-0.0517777037181;
1.23521223586;0.0546349974086;
0.614460802047;-0.0804543343075;
1.66034436047;0.184185722868;
1.88230313244;0.185576949617;
0.619255298286;0.247880332234;
1.68470758549;-0.0671175529223;
0.987599571456;0.272485490768;
1.03686472833;0.0437753782464;
0.606510450628;0.209633588404;
0.611725573098;0.0400650150434;
0.874973860296;0.195661931091;
1.87131626526;0.212782222255;
1.11286179569;0.13080437917;
1.78393144087;-0.0129179602866;
1.03623841405;0.107533868353;
1.2651029791;-0.0186024591619;
0.947729704397;0.0174237127595;
1.36190315241;0.00838302699711;
1.18803856075;0.00572409119825;
1.02315578124;0.0981980105074;
1.86505316537;0.0985301347039;
1.85818732102;0.217742268321;
0.924051539027;0.0798766295395;
0.89042409209;0.0416117438991;
1.30639257538;0.230949447642;
0.885143484437;-0.00635741229267;
1.66347300219;0.256085367874;
1.53801165904;0.00208708765208;
1.09697617899;-0.0626726163693;
0.648308464713;0.314428026908;
1.28404987958;0.26155769793;
0.847495711391;0.110445686548;
1.27360274573;0.12279907579;
0.81644212525;0.0600108569023;
0.822933879639;0.18182680888;
0.478658288034;0.233807023747;
1.72699344787;0.00162432013412;
1.62151889405;0.0272070882331;
0.555732357877;0.233712345329;
0.880693076158;-0.041925920535;
1.154799706;0.0736687418414;
0.931302065585;-0.0552237053019;
0.914807469127;0.0418371223111;
0.530423325684;0.00403666546718;
1.1209207782;0.270825464668;
1.03876489569;0.217943140115;
0.733563984091;0.321354141325;
0.703083050981;-0.0208448299874;
1.64506612533;0.130951322492;
1.69316408369;0.060758183094;
1.10618654067;0.0267423938987;
1.55743908786;0.300879927556;
1.16777320227;0.063381109965;
1.79525729929;0.202228768565;
1.59293368971;0.307654270022;
1.58102065309;0.132856607743;
1.25270219993;0.251587572356;
1.10781189697;-0.0493414698274;
1.70721225687;-0.0289854003779;
0.981195904965;0.00149466590654;
1.48663679711;-0.0141299488596;
0.505729866855;0.291821000696;
1.70479162145;-0.0534595731889;
1.29632860398;-0.0174288169183;
1.17869804565;0.0359566132629;
1.31330554158;-0.0573864164858;
0.440288038328;-0.0462231026653;
1.08819256499;0.237106146983;
1.57807435421;-0.0806318164248;
1.1755589843;0.0609121023779;
1.66763034855;-0.0272847191906;
1.79938263544;0.203742000532;
1.20660594162;0.293092497305;
1.04788549573;0.289374041181;
1.2482450707;0.277808307916;
0.428839941479;0.157390954619;
0.766334542402;0.128325422582;
1.79487440055;0.304444471616;
1.80362191109;0.00214212897178;
0.780124489845;0.211727246359;
0.589169614982;0.144507725957;
1.81594670224;0.312274711846;
1.4419802742;0.151849365767;
0.977113771035;0.322677080622;
1.2680391657;0.231979640398;
0.954079493962;0.170004411068;
0.949559908486;0.204085027271;
0.677102303098;0.0397042245416;
0.790479040221;0.18337474701;
1.9398505015;0.262596513971;
1.91024044853;0.0873480698718;
1.78706445992;0.0932652286951;
1.88083827048;0.076532014077;
1.80924808636;0.174908344787;
1.19171787671;-0.0472489950451;
0.548442824671;0.221104303787;
0.931626538527;0.0624450156578;
1.43430021063;0.227700909443;
1.07628892071;0.31881744399;
1.92673409911;-0.0734779540893;
0.547914499769;-0.0496364449189;
0.758342067415;0.281765736015;
1.43850124826;0.0486029558879;
1.63980764198;0.120590091921;
1.13821844373;0.132885316631;
1.4011455155;0.101288677779;
0.447517790708;-0.0859225659001;
1.24730610702;0.151127583192;
0.449692034685;-0.0307439355805;
0.763161728414;-0.0631032503859;
0.935646310447;-0.0448242651604;
0.521319831327;0.255227681284;
0.937281900164;0.0728685407988;
1.01544115554;0.0536422232643;
0.545156889832;-0.0348531410059;
1.13867139626;-0.0785466064255;
0.458491563091;0.079178892468;
1.01965271118;-0.0368224467629;
0.696104049763;0.301628840417;
1.87419306394;0.206259576081;
1.50664154275;0.223229994888;
0.831816927413;0.241190598497;
1.49201049226;0.037999736641;
1.01823469618;-0.0370295003286;
1.20476449966;-0.0739686646368;
1.40678667172;0.126418100214;
1.33297192139;0.0407641494091;
0.97680202567;-0.0664362252875;
0.605344554776;-0.0721913121455;
0.734584280499;-0.00580861754813;
0.801227256495;0.0818039371239;
1.37255892839;0.13863109083;
1.09151790635;0.265814358219;
1.91480631764;0.246295591094;